noise_p,test_mae,test_rmse
0.0,0.0218107420951128,0.03917072176205728
0.01,0.030345462262630463,0.04317841932980593
0.03,0.05823801830410957,0.0650932680385491
0.05,0.08734513819217682,0.09402194416966494
0.1,0.15443220734596252,0.16583604636880406
